Name,Rating,No. Reviews,Description,What's Included,Cancellation Policy,Additional Info,What to Know,Location,Duration,Departure Point,Itinerary,Ticket,Images,URL,FirstAdded,LastUpdated
Cat Cat Village Half-day Guided Tour from Sa Pa,3.8,20,"On this tour, you will get a chance to visit the Cat Cat Village and learn about the timeless culture and traditions of the ethnic Black Hmong people. Once you reach the village you will find yourself surrounded by rice terraces and maze fields. Here, you can buy brocade products such as bracelets, scarves, apparel, etc as souvenirs. You will also visit an old French Hydro Electric Power Station and gorgeous Cat Cat Waterfalls. You will round off the tour with a sumptuous lunch at a logical Vietnamese restaurant.","Admission to Cat Cat Village
Transportation
Guide services
Lunch
Hotel drop-off (transportation)
Hotel pickup (on foot)",,"Please note that a minimum of five participants is required for this tour to go ahead. If this requirement is not met, the tour can be cancelled and you will either be provided with an alternative date or a full refund.
Please wear sun cream, sunglasses, a cap, or a hat during the tour.
The routes related to the tour may change due to weather or traffic conditions.
If there are children in your tour group, please indicate the number of children at checkout. Children aged 0–3 years can join the tour for free if they will not occupy separate seats.
Please bring your ticket with you to the attraction.
Be aware that operators may cancel for unforeseen reasons.
You need to be 18 years or older to book or be accompanied by an adult.
Operated by Klook","The tour guide will pick you up at 08:30 from your centrally-located hotel on foot. The hotel drop-off will happen by vehicle. Please wait in the hotel lobby ten minutes prior to the arranged time.
The sample menu on this tour will include:
- Rau su su luộc (boiled chayote)
- Thịt lợn bản nướng/rang  (Cắp nách pigs)
- Cá suối chiên (fried fish)
- Rau xào thập cẩm (mixed stir-fried vegetables)
- Canh Rau - (vegetable soup)
- Cơm (steamed rice)
- Trái cây tráng miệng (fresh fruits)
The menu is subject to change depending on the season and availability of ingredients.","24 Thac Bac street, Sapa",Free cancellation available,"24 Thac Bac street, Sapa",,"Type: Adult | Price: € 24.85
Type: Child (age 4-8) | Price: € 19.89","https://r-xx.bstatic.com/xdata/images/xphoto/max1200/153557109.jpg?k=8082dcf96404cb11c273beadbc4299aa07a33aaab9882fcea6d4dd68c248d75c&o=, https://q-xx.bstatic.com/xdata/images/xphoto/max1200/153557171.jpg?k=dcb692a48ddb01e7a536b6a7e77b073c5ea2097d0332b581c437869bd82d7d3c&o=, https://r-xx.bstatic.com/xdata/images/xphoto/max1200/153557235.jpg?k=cd765722568de5c243ac61e061693669ee121481fb92527cbee9790435014a35&o=, https://q-xx.bstatic.com/xdata/images/xphoto/max1200/153557283.jpg?k=6fc1c76c2dec861fe41a1a7a3e7771d9696227463b0310a8947c5c1c480638ec&o=, https://q-xx.bstatic.com/xdata/images/xphoto/max1200/153557349.jpg?k=0317d38502b669a7d6d194e0ce0af69dcb97700802cf2ee4bc1e824cc6065d0a&o=, https://q-xx.bstatic.com/xdata/images/xphoto/max1200/161582204.jpg?k=57df214a80fab19f0c59e897b453dce1e0f8db69b9c09bfcba377142f3c75b03&o=, https://r-xx.bstatic.com/xdata/images/xphoto/max1200/161582207.jpg?k=d017cc32dc8c54c881c8ca13acb3d2419e33bc32eab4c64a680f580cb00a4cbe&o=",https://www.booking.com/attractions/vn/prab6qu2zrci-cat-cat-village-half-day-guided-tour-from-sa-pa.en-gb.html?adplat=www-searchresults_irene-web_shell_header-attraction-missing_creative-7lBbAoS5PZVjU6ubKQ1ScO&aid=304142&client_name=b-web-shell-bff&distribution_id=7lBbAoS5PZVjU6ubKQ1ScO&source=searchresults-product-card&ufi=-3728113,2025-01-03T07:04:14.862Z,2025-01-03T07:04:14.862Z
